S,B,layer,kernel
32,1,c1_conv,"n/a (no CUPTI on Windows; self_device_time=4us)"
32,1,aten::conv2d,"n/a (no CUPTI on Windows; self_device_time=2us)"
32,1,aten::convolution,"n/a (no CUPTI on Windows; self_device_time=3us)"
32,1,aten::_convolution,"n/a (no CUPTI on Windows; self_device_time=4us)"
32,1,aten::cudnn_convolution,"n/a (no CUPTI on Windows; self_device_time=39141us)"
32,1,c1_bn,"n/a (no CUPTI on Windows; self_device_time=4us)"
32,1,aten::batch_norm,"n/a (no CUPTI on Windows; self_device_time=2us)"
32,1,aten::_batch_norm_impl_index,"n/a (no CUPTI on Windows; self_device_time=4us)"
32,1,aten::cudnn_batch_norm,"n/a (no CUPTI on Windows; self_device_time=12422us)"
32,1,aten::empty_like,"n/a (no CUPTI on Windows; self_device_time=4us)"
32,1,aten::empty,"n/a (no CUPTI on Windows; self_device_time=1us)"
32,1,aten::view,"n/a (no CUPTI on Windows; self_device_time=2us)"
32,1,c1_relu,"n/a (no CUPTI on Windows; self_device_time=4us)"
32,1,aten::relu_,"n/a (no CUPTI on Windows; self_device_time=4us)"
32,1,aten::clamp_min_,"n/a (no CUPTI on Windows; self_device_time=4894us)"
32,1,pool,"n/a (no CUPTI on Windows; self_device_time=3us)"
32,1,aten::max_pool2d,"n/a (no CUPTI on Windows; self_device_time=4us)"
32,1,aten::max_pool2d_with_indices,"n/a (no CUPTI on Windows; self_device_time=6462us)"
32,1,c2_conv,"n/a (no CUPTI on Windows; self_device_time=4us)"
32,1,c2_bn,"n/a (no CUPTI on Windows; self_device_time=3us)"
32,1,c2_relu,"n/a (no CUPTI on Windows; self_device_time=3us)"
32,1,c3_conv,"n/a (no CUPTI on Windows; self_device_time=3us)"
32,1,c3_bn,"n/a (no CUPTI on Windows; self_device_time=3us)"
32,1,c3_relu,"n/a (no CUPTI on Windows; self_device_time=4us)"
32,1,c4_conv,"n/a (no CUPTI on Windows; self_device_time=3us)"
32,1,c4_bn,"n/a (no CUPTI on Windows; self_device_time=1us)"
32,1,c4_relu,"n/a (no CUPTI on Windows; self_device_time=4us)"
32,1,c5_conv,"n/a (no CUPTI on Windows; self_device_time=2us)"
32,1,c5_bn,"n/a (no CUPTI on Windows; self_device_time=4us)"
32,1,c5_relu,"n/a (no CUPTI on Windows; self_device_time=3us)"
32,1,c6_conv,"n/a (no CUPTI on Windows; self_device_time=3us)"
32,1,c6_bn,"n/a (no CUPTI on Windows; self_device_time=4us)"
32,1,c6_relu,"n/a (no CUPTI on Windows; self_device_time=3us)"
32,1,gap,"n/a (no CUPTI on Windows; self_device_time=5us)"
32,1,aten::adaptive_avg_pool2d,"n/a (no CUPTI on Windows; self_device_time=3us)"
32,1,aten::mean,"n/a (no CUPTI on Windows; self_device_time=667us)"
32,1,gap_flat,"n/a (no CUPTI on Windows; self_device_time=3us)"
32,1,aten::flatten,"n/a (no CUPTI on Windows; self_device_time=4us)"
32,1,fc1,"n/a (no CUPTI on Windows; self_device_time=3us)"
32,1,aten::linear,"n/a (no CUPTI on Windows; self_device_time=6us)"
32,1,aten::t,"n/a (no CUPTI on Windows; self_device_time=3us)"
32,1,aten::transpose,"n/a (no CUPTI on Windows; self_device_time=14860us)"
32,1,aten::as_strided,"n/a (no CUPTI on Windows; self_device_time=3us)"
32,1,aten::addmm,"n/a (no CUPTI on Windows; self_device_time=863us)"
32,1,fc1_relu,"n/a (no CUPTI on Windows; self_device_time=3us)"
32,1,fc2,"n/a (no CUPTI on Windows; self_device_time=4us)"
32,32,c1_conv,"n/a (no CUPTI on Windows; self_device_time=4us)"
32,32,aten::conv2d,"n/a (no CUPTI on Windows; self_device_time=3us)"
32,32,aten::convolution,"n/a (no CUPTI on Windows; self_device_time=4us)"
32,32,aten::_convolution,"n/a (no CUPTI on Windows; self_device_time=4us)"
32,32,aten::cudnn_convolution,"n/a (no CUPTI on Windows; self_device_time=8519us)"
32,32,c1_bn,"n/a (no CUPTI on Windows; self_device_time=4us)"
32,32,aten::batch_norm,"n/a (no CUPTI on Windows; self_device_time=5us)"
32,32,aten::_batch_norm_impl_index,"n/a (no CUPTI on Windows; self_device_time=2us)"
32,32,aten::cudnn_batch_norm,"n/a (no CUPTI on Windows; self_device_time=27us)"
32,32,aten::empty_like,"n/a (no CUPTI on Windows; self_device_time=2us)"
32,32,aten::empty,"n/a (no CUPTI on Windows; self_device_time=2us)"
32,32,c1_relu,"n/a (no CUPTI on Windows; self_device_time=3us)"
32,32,aten::relu_,"n/a (no CUPTI on Windows; self_device_time=3us)"
32,32,aten::clamp_min_,"n/a (no CUPTI on Windows; self_device_time=16us)"
32,32,pool,"n/a (no CUPTI on Windows; self_device_time=4us)"
32,32,aten::max_pool2d,"n/a (no CUPTI on Windows; self_device_time=3us)"
32,32,aten::max_pool2d_with_indices,"n/a (no CUPTI on Windows; self_device_time=21us)"
32,32,c2_conv,"n/a (no CUPTI on Windows; self_device_time=3us)"
32,32,c2_bn,"n/a (no CUPTI on Windows; self_device_time=3us)"
32,32,aten::view,"n/a (no CUPTI on Windows; self_device_time=2us)"
32,32,c2_relu,"n/a (no CUPTI on Windows; self_device_time=4us)"
32,32,c3_conv,"n/a (no CUPTI on Windows; self_device_time=2us)"
32,32,c3_bn,"n/a (no CUPTI on Windows; self_device_time=4us)"
32,32,c3_relu,"n/a (no CUPTI on Windows; self_device_time=3us)"
32,32,c4_conv,"n/a (no CUPTI on Windows; self_device_time=3us)"
32,32,c4_bn,"n/a (no CUPTI on Windows; self_device_time=3us)"
32,32,c4_relu,"n/a (no CUPTI on Windows; self_device_time=4us)"
32,32,c5_conv,"n/a (no CUPTI on Windows; self_device_time=3us)"
32,32,c5_bn,"n/a (no CUPTI on Windows; self_device_time=3us)"
32,32,c5_relu,"n/a (no CUPTI on Windows; self_device_time=3us)"
32,32,c6_conv,"n/a (no CUPTI on Windows; self_device_time=3us)"
32,32,c6_bn,"n/a (no CUPTI on Windows; self_device_time=3us)"
32,32,c6_relu,"n/a (no CUPTI on Windows; self_device_time=3us)"
32,32,gap,"n/a (no CUPTI on Windows; self_device_time=3us)"
32,32,aten::adaptive_avg_pool2d,"n/a (no CUPTI on Windows; self_device_time=2us)"
32,32,aten::mean,"n/a (no CUPTI on Windows; self_device_time=13us)"
32,32,gap_flat,"n/a (no CUPTI on Windows; self_device_time=4us)"
32,32,aten::flatten,"n/a (no CUPTI on Windows; self_device_time=2us)"
32,32,fc1,"n/a (no CUPTI on Windows; self_device_time=2us)"
32,32,aten::linear,"n/a (no CUPTI on Windows; self_device_time=5us)"
32,32,aten::t,"n/a (no CUPTI on Windows; self_device_time=4us)"
32,32,aten::transpose,"n/a (no CUPTI on Windows; self_device_time=4us)"
32,32,aten::addmm,"n/a (no CUPTI on Windows; self_device_time=14211us)"
32,32,fc1_relu,"n/a (no CUPTI on Windows; self_device_time=3us)"
32,32,fc2,"n/a (no CUPTI on Windows; self_device_time=3us)"
32,32,aten::as_strided,"n/a (no CUPTI on Windows; self_device_time=2us)"
64,8,c1_conv,"n/a (no CUPTI on Windows; self_device_time=3us)"
64,8,aten::conv2d,"n/a (no CUPTI on Windows; self_device_time=4us)"
64,8,aten::convolution,"n/a (no CUPTI on Windows; self_device_time=4us)"
64,8,aten::_convolution,"n/a (no CUPTI on Windows; self_device_time=3us)"
64,8,aten::cudnn_convolution,"n/a (no CUPTI on Windows; self_device_time=68us)"
64,8,c1_bn,"n/a (no CUPTI on Windows; self_device_time=3us)"
64,8,aten::batch_norm,"n/a (no CUPTI on Windows; self_device_time=3us)"
64,8,aten::_batch_norm_impl_index,"n/a (no CUPTI on Windows; self_device_time=4us)"
64,8,aten::cudnn_batch_norm,"n/a (no CUPTI on Windows; self_device_time=27us)"
64,8,aten::empty_like,"n/a (no CUPTI on Windows; self_device_time=4us)"
64,8,aten::empty,"n/a (no CUPTI on Windows; self_device_time=1us)"
64,8,aten::view,"n/a (no CUPTI on Windows; self_device_time=2us)"
64,8,c1_relu,"n/a (no CUPTI on Windows; self_device_time=4us)"
64,8,aten::relu_,"n/a (no CUPTI on Windows; self_device_time=4us)"
64,8,aten::clamp_min_,"n/a (no CUPTI on Windows; self_device_time=14us)"
64,8,pool,"n/a (no CUPTI on Windows; self_device_time=3us)"
64,8,aten::max_pool2d,"n/a (no CUPTI on Windows; self_device_time=4us)"
64,8,aten::max_pool2d_with_indices,"n/a (no CUPTI on Windows; self_device_time=20us)"
64,8,c2_conv,"n/a (no CUPTI on Windows; self_device_time=4us)"
64,8,c2_bn,"n/a (no CUPTI on Windows; self_device_time=3us)"
64,8,c2_relu,"n/a (no CUPTI on Windows; self_device_time=4us)"
64,8,c3_conv,"n/a (no CUPTI on Windows; self_device_time=3us)"
64,8,c3_bn,"n/a (no CUPTI on Windows; self_device_time=2us)"
64,8,c3_relu,"n/a (no CUPTI on Windows; self_device_time=3us)"
64,8,c4_conv,"n/a (no CUPTI on Windows; self_device_time=3us)"
64,8,c4_bn,"n/a (no CUPTI on Windows; self_device_time=3us)"
64,8,c4_relu,"n/a (no CUPTI on Windows; self_device_time=3us)"
64,8,c5_conv,"n/a (no CUPTI on Windows; self_device_time=3us)"
64,8,c5_bn,"n/a (no CUPTI on Windows; self_device_time=4us)"
64,8,c5_relu,"n/a (no CUPTI on Windows; self_device_time=3us)"
64,8,c6_conv,"n/a (no CUPTI on Windows; self_device_time=3us)"
64,8,c6_bn,"n/a (no CUPTI on Windows; self_device_time=4us)"
64,8,c6_relu,"n/a (no CUPTI on Windows; self_device_time=4us)"
64,8,gap,"n/a (no CUPTI on Windows; self_device_time=4us)"
64,8,aten::adaptive_avg_pool2d,"n/a (no CUPTI on Windows; self_device_time=2us)"
64,8,aten::mean,"n/a (no CUPTI on Windows; self_device_time=14us)"
64,8,gap_flat,"n/a (no CUPTI on Windows; self_device_time=3us)"
64,8,aten::flatten,"n/a (no CUPTI on Windows; self_device_time=4us)"
64,8,fc1,"n/a (no CUPTI on Windows; self_device_time=4us)"
64,8,aten::linear,"n/a (no CUPTI on Windows; self_device_time=6us)"
64,8,aten::t,"n/a (no CUPTI on Windows; self_device_time=4us)"
64,8,aten::transpose,"n/a (no CUPTI on Windows; self_device_time=3us)"
64,8,aten::as_strided,"n/a (no CUPTI on Windows; self_device_time=1us)"
64,8,aten::addmm,"n/a (no CUPTI on Windows; self_device_time=780us)"
64,8,fc1_relu,"n/a (no CUPTI on Windows; self_device_time=2us)"
64,8,fc2,"n/a (no CUPTI on Windows; self_device_time=3us)"
128,1,c1_conv,"n/a (no CUPTI on Windows; self_device_time=3us)"
128,1,aten::conv2d,"n/a (no CUPTI on Windows; self_device_time=3us)"
128,1,aten::convolution,"n/a (no CUPTI on Windows; self_device_time=4us)"
128,1,aten::_convolution,"n/a (no CUPTI on Windows; self_device_time=4us)"
128,1,aten::cudnn_convolution,"n/a (no CUPTI on Windows; self_device_time=36us)"
128,1,c1_bn,"n/a (no CUPTI on Windows; self_device_time=4us)"
128,1,aten::batch_norm,"n/a (no CUPTI on Windows; self_device_time=3us)"
128,1,aten::_batch_norm_impl_index,"n/a (no CUPTI on Windows; self_device_time=3us)"
128,1,aten::cudnn_batch_norm,"n/a (no CUPTI on Windows; self_device_time=20us)"
128,1,aten::empty_like,"n/a (no CUPTI on Windows; self_device_time=2us)"
128,1,aten::empty,"n/a (no CUPTI on Windows; self_device_time=2us)"
128,1,aten::view,"n/a (no CUPTI on Windows; self_device_time=1us)"
128,1,c1_relu,"n/a (no CUPTI on Windows; self_device_time=4us)"
128,1,aten::relu_,"n/a (no CUPTI on Windows; self_device_time=2us)"
128,1,aten::clamp_min_,"n/a (no CUPTI on Windows; self_device_time=6us)"
128,1,pool,"n/a (no CUPTI on Windows; self_device_time=4us)"
128,1,aten::max_pool2d,"n/a (no CUPTI on Windows; self_device_time=3us)"
128,1,aten::max_pool2d_with_indices,"n/a (no CUPTI on Windows; self_device_time=11us)"
128,1,c2_conv,"n/a (no CUPTI on Windows; self_device_time=3us)"
128,1,c2_bn,"n/a (no CUPTI on Windows; self_device_time=3us)"
128,1,c2_relu,"n/a (no CUPTI on Windows; self_device_time=4us)"
128,1,c3_conv,"n/a (no CUPTI on Windows; self_device_time=4us)"
128,1,c3_bn,"n/a (no CUPTI on Windows; self_device_time=3us)"
128,1,c3_relu,"n/a (no CUPTI on Windows; self_device_time=4us)"
128,1,c4_conv,"n/a (no CUPTI on Windows; self_device_time=3us)"
128,1,c4_bn,"n/a (no CUPTI on Windows; self_device_time=3us)"
128,1,c4_relu,"n/a (no CUPTI on Windows; self_device_time=3us)"
128,1,c5_conv,"n/a (no CUPTI on Windows; self_device_time=3us)"
128,1,c5_bn,"n/a (no CUPTI on Windows; self_device_time=3us)"
128,1,c5_relu,"n/a (no CUPTI on Windows; self_device_time=4us)"
128,1,c6_conv,"n/a (no CUPTI on Windows; self_device_time=4us)"
128,1,c6_bn,"n/a (no CUPTI on Windows; self_device_time=4us)"
128,1,c6_relu,"n/a (no CUPTI on Windows; self_device_time=4us)"
128,1,gap,"n/a (no CUPTI on Windows; self_device_time=4us)"
128,1,aten::adaptive_avg_pool2d,"n/a (no CUPTI on Windows; self_device_time=4us)"
128,1,aten::mean,"n/a (no CUPTI on Windows; self_device_time=8us)"
128,1,gap_flat,"n/a (no CUPTI on Windows; self_device_time=3us)"
128,1,aten::flatten,"n/a (no CUPTI on Windows; self_device_time=3us)"
128,1,fc1,"n/a (no CUPTI on Windows; self_device_time=2us)"
128,1,aten::linear,"n/a (no CUPTI on Windows; self_device_time=6us)"
128,1,aten::t,"n/a (no CUPTI on Windows; self_device_time=4us)"
128,1,aten::transpose,"n/a (no CUPTI on Windows; self_device_time=3us)"
128,1,aten::as_strided,"n/a (no CUPTI on Windows; self_device_time=1us)"
128,1,aten::addmm,"n/a (no CUPTI on Windows; self_device_time=11us)"
128,1,fc1_relu,"n/a (no CUPTI on Windows; self_device_time=2us)"
128,1,fc2,"n/a (no CUPTI on Windows; self_device_time=4us)"
128,32,c1_conv,"n/a (no CUPTI on Windows; self_device_time=4us)"
128,32,aten::conv2d,"n/a (no CUPTI on Windows; self_device_time=4us)"
128,32,aten::convolution,"n/a (no CUPTI on Windows; self_device_time=2us)"
128,32,aten::_convolution,"n/a (no CUPTI on Windows; self_device_time=4us)"
128,32,aten::cudnn_convolution,"n/a (no CUPTI on Windows; self_device_time=755us)"
128,32,c1_bn,"n/a (no CUPTI on Windows; self_device_time=4us)"
128,32,aten::batch_norm,"n/a (no CUPTI on Windows; self_device_time=3us)"
128,32,aten::_batch_norm_impl_index,"n/a (no CUPTI on Windows; self_device_time=3us)"
128,32,aten::cudnn_batch_norm,"n/a (no CUPTI on Windows; self_device_time=227us)"
128,32,aten::empty_like,"n/a (no CUPTI on Windows; self_device_time=3us)"
128,32,aten::empty,"n/a (no CUPTI on Windows; self_device_time=1us)"
128,32,aten::view,"n/a (no CUPTI on Windows; self_device_time=1us)"
128,32,c1_relu,"n/a (no CUPTI on Windows; self_device_time=3us)"
128,32,aten::relu_,"n/a (no CUPTI on Windows; self_device_time=3us)"
128,32,aten::clamp_min_,"n/a (no CUPTI on Windows; self_device_time=206us)"
128,32,pool,"n/a (no CUPTI on Windows; self_device_time=3us)"
128,32,aten::max_pool2d,"n/a (no CUPTI on Windows; self_device_time=4us)"
128,32,aten::max_pool2d_with_indices,"n/a (no CUPTI on Windows; self_device_time=257us)"
128,32,c2_conv,"n/a (no CUPTI on Windows; self_device_time=3us)"
128,32,c2_bn,"n/a (no CUPTI on Windows; self_device_time=2us)"
128,32,c2_relu,"n/a (no CUPTI on Windows; self_device_time=3us)"
128,32,c3_conv,"n/a (no CUPTI on Windows; self_device_time=4us)"
128,32,c3_bn,"n/a (no CUPTI on Windows; self_device_time=4us)"
128,32,c3_relu,"n/a (no CUPTI on Windows; self_device_time=4us)"
128,32,c4_conv,"n/a (no CUPTI on Windows; self_device_time=2us)"
128,32,c4_bn,"n/a (no CUPTI on Windows; self_device_time=4us)"
128,32,c4_relu,"n/a (no CUPTI on Windows; self_device_time=3us)"
128,32,c5_conv,"n/a (no CUPTI on Windows; self_device_time=3us)"
128,32,c5_bn,"n/a (no CUPTI on Windows; self_device_time=4us)"
128,32,c5_relu,"n/a (no CUPTI on Windows; self_device_time=4us)"
128,32,c6_conv,"n/a (no CUPTI on Windows; self_device_time=2us)"
128,32,c6_bn,"n/a (no CUPTI on Windows; self_device_time=4us)"
128,32,c6_relu,"n/a (no CUPTI on Windows; self_device_time=3us)"
128,32,gap,"n/a (no CUPTI on Windows; self_device_time=4us)"
128,32,aten::adaptive_avg_pool2d,"n/a (no CUPTI on Windows; self_device_time=4us)"
128,32,aten::mean,"n/a (no CUPTI on Windows; self_device_time=65us)"
128,32,gap_flat,"n/a (no CUPTI on Windows; self_device_time=4us)"
128,32,aten::flatten,"n/a (no CUPTI on Windows; self_device_time=2us)"
128,32,fc1,"n/a (no CUPTI on Windows; self_device_time=4us)"
128,32,aten::linear,"n/a (no CUPTI on Windows; self_device_time=4us)"
128,32,aten::t,"n/a (no CUPTI on Windows; self_device_time=4us)"
128,32,aten::transpose,"n/a (no CUPTI on Windows; self_device_time=4us)"
128,32,aten::addmm,"n/a (no CUPTI on Windows; self_device_time=24us)"
128,32,fc1_relu,"n/a (no CUPTI on Windows; self_device_time=4us)"
128,32,fc2,"n/a (no CUPTI on Windows; self_device_time=4us)"
128,32,aten::as_strided,"n/a (no CUPTI on Windows; self_device_time=1us)"
224,16,c1_conv,"n/a (no CUPTI on Windows; self_device_time=4us)"
224,16,aten::conv2d,"n/a (no CUPTI on Windows; self_device_time=3us)"
224,16,aten::convolution,"n/a (no CUPTI on Windows; self_device_time=3us)"
224,16,aten::_convolution,"n/a (no CUPTI on Windows; self_device_time=4us)"
224,16,aten::cudnn_convolution,"n/a (no CUPTI on Windows; self_device_time=1157us)"
224,16,c1_bn,"n/a (no CUPTI on Windows; self_device_time=4us)"
224,16,aten::batch_norm,"n/a (no CUPTI on Windows; self_device_time=3us)"
224,16,aten::_batch_norm_impl_index,"n/a (no CUPTI on Windows; self_device_time=3us)"
224,16,aten::cudnn_batch_norm,"n/a (no CUPTI on Windows; self_device_time=347us)"
224,16,aten::empty_like,"n/a (no CUPTI on Windows; self_device_time=2us)"
224,16,aten::empty,"n/a (no CUPTI on Windows; self_device_time=2us)"
224,16,c1_relu,"n/a (no CUPTI on Windows; self_device_time=3us)"
224,16,aten::relu_,"n/a (no CUPTI on Windows; self_device_time=3us)"
224,16,aten::clamp_min_,"n/a (no CUPTI on Windows; self_device_time=313us)"
224,16,pool,"n/a (no CUPTI on Windows; self_device_time=2us)"
224,16,aten::max_pool2d,"n/a (no CUPTI on Windows; self_device_time=4us)"
224,16,aten::max_pool2d_with_indices,"n/a (no CUPTI on Windows; self_device_time=395us)"
224,16,c2_conv,"n/a (no CUPTI on Windows; self_device_time=2us)"
224,16,c2_bn,"n/a (no CUPTI on Windows; self_device_time=4us)"
224,16,aten::view,"n/a (no CUPTI on Windows; self_device_time=2us)"
224,16,c2_relu,"n/a (no CUPTI on Windows; self_device_time=3us)"
224,16,c3_conv,"n/a (no CUPTI on Windows; self_device_time=4us)"
224,16,c3_bn,"n/a (no CUPTI on Windows; self_device_time=4us)"
224,16,c3_relu,"n/a (no CUPTI on Windows; self_device_time=3us)"
224,16,c4_conv,"n/a (no CUPTI on Windows; self_device_time=4us)"
224,16,c4_bn,"n/a (no CUPTI on Windows; self_device_time=2us)"
224,16,c4_relu,"n/a (no CUPTI on Windows; self_device_time=4us)"
224,16,c5_conv,"n/a (no CUPTI on Windows; self_device_time=2us)"
224,16,c5_bn,"n/a (no CUPTI on Windows; self_device_time=4us)"
224,16,c5_relu,"n/a (no CUPTI on Windows; self_device_time=1us)"
224,16,c6_conv,"n/a (no CUPTI on Windows; self_device_time=4us)"
224,16,c6_bn,"n/a (no CUPTI on Windows; self_device_time=4us)"
224,16,c6_relu,"n/a (no CUPTI on Windows; self_device_time=3us)"
224,16,gap,"n/a (no CUPTI on Windows; self_device_time=2us)"
224,16,aten::adaptive_avg_pool2d,"n/a (no CUPTI on Windows; self_device_time=3us)"
224,16,aten::mean,"n/a (no CUPTI on Windows; self_device_time=66us)"
224,16,gap_flat,"n/a (no CUPTI on Windows; self_device_time=3us)"
224,16,aten::flatten,"n/a (no CUPTI on Windows; self_device_time=12us)"
224,16,fc1,"n/a (no CUPTI on Windows; self_device_time=5us)"
224,16,aten::linear,"n/a (no CUPTI on Windows; self_device_time=5us)"
224,16,aten::t,"n/a (no CUPTI on Windows; self_device_time=3us)"
224,16,aten::transpose,"n/a (no CUPTI on Windows; self_device_time=4us)"
224,16,aten::addmm,"n/a (no CUPTI on Windows; self_device_time=26us)"
224,16,fc1_relu,"n/a (no CUPTI on Windows; self_device_time=4us)"
224,16,fc2,"n/a (no CUPTI on Windows; self_device_time=3us)"
224,16,aten::as_strided,"n/a (no CUPTI on Windows; self_device_time=1us)"
256,1,c1_conv,"n/a (no CUPTI on Windows; self_device_time=3us)"
256,1,aten::conv2d,"n/a (no CUPTI on Windows; self_device_time=3us)"
256,1,aten::convolution,"n/a (no CUPTI on Windows; self_device_time=4us)"
256,1,aten::_convolution,"n/a (no CUPTI on Windows; self_device_time=4us)"
256,1,aten::cudnn_convolution,"n/a (no CUPTI on Windows; self_device_time=110us)"
256,1,c1_bn,"n/a (no CUPTI on Windows; self_device_time=4us)"
256,1,aten::batch_norm,"n/a (no CUPTI on Windows; self_device_time=3us)"
256,1,aten::_batch_norm_impl_index,"n/a (no CUPTI on Windows; self_device_time=4us)"
256,1,aten::cudnn_batch_norm,"n/a (no CUPTI on Windows; self_device_time=51us)"
256,1,aten::empty_like,"n/a (no CUPTI on Windows; self_device_time=2us)"
256,1,aten::empty,"n/a (no CUPTI on Windows; self_device_time=2us)"
256,1,aten::view,"n/a (no CUPTI on Windows; self_device_time=1us)"
256,1,c1_relu,"n/a (no CUPTI on Windows; self_device_time=4us)"
256,1,aten::relu_,"n/a (no CUPTI on Windows; self_device_time=3us)"
256,1,aten::clamp_min_,"n/a (no CUPTI on Windows; self_device_time=28us)"
256,1,pool,"n/a (no CUPTI on Windows; self_device_time=4us)"
256,1,aten::max_pool2d,"n/a (no CUPTI on Windows; self_device_time=1us)"
256,1,aten::max_pool2d_with_indices,"n/a (no CUPTI on Windows; self_device_time=38us)"
256,1,c2_conv,"n/a (no CUPTI on Windows; self_device_time=4us)"
256,1,c2_bn,"n/a (no CUPTI on Windows; self_device_time=2us)"
256,1,c2_relu,"n/a (no CUPTI on Windows; self_device_time=3us)"
256,1,c3_conv,"n/a (no CUPTI on Windows; self_device_time=3us)"
256,1,c3_bn,"n/a (no CUPTI on Windows; self_device_time=4us)"
256,1,c3_relu,"n/a (no CUPTI on Windows; self_device_time=4us)"
256,1,c4_conv,"n/a (no CUPTI on Windows; self_device_time=4us)"
256,1,c4_bn,"n/a (no CUPTI on Windows; self_device_time=4us)"
256,1,c4_relu,"n/a (no CUPTI on Windows; self_device_time=4us)"
256,1,c5_conv,"n/a (no CUPTI on Windows; self_device_time=3us)"
256,1,c5_bn,"n/a (no CUPTI on Windows; self_device_time=2us)"
256,1,c5_relu,"n/a (no CUPTI on Windows; self_device_time=3us)"
256,1,c6_conv,"n/a (no CUPTI on Windows; self_device_time=2us)"
256,1,c6_bn,"n/a (no CUPTI on Windows; self_device_time=4us)"
256,1,c6_relu,"n/a (no CUPTI on Windows; self_device_time=4us)"
256,1,gap,"n/a (no CUPTI on Windows; self_device_time=3us)"
256,1,aten::adaptive_avg_pool2d,"n/a (no CUPTI on Windows; self_device_time=2us)"
256,1,aten::mean,"n/a (no CUPTI on Windows; self_device_time=10us)"
256,1,gap_flat,"n/a (no CUPTI on Windows; self_device_time=3us)"
256,1,aten::flatten,"n/a (no CUPTI on Windows; self_device_time=4us)"
256,1,fc1,"n/a (no CUPTI on Windows; self_device_time=3us)"
256,1,aten::linear,"n/a (no CUPTI on Windows; self_device_time=5us)"
256,1,aten::t,"n/a (no CUPTI on Windows; self_device_time=2us)"
256,1,aten::transpose,"n/a (no CUPTI on Windows; self_device_time=3us)"
256,1,aten::as_strided,"n/a (no CUPTI on Windows; self_device_time=2us)"
256,1,aten::addmm,"n/a (no CUPTI on Windows; self_device_time=11us)"
256,1,fc1_relu,"n/a (no CUPTI on Windows; self_device_time=3us)"
256,1,fc2,"n/a (no CUPTI on Windows; self_device_time=3us)"
256,32,c1_conv,"n/a (no CUPTI on Windows; self_device_time=4us)"
256,32,aten::conv2d,"n/a (no CUPTI on Windows; self_device_time=4us)"
256,32,aten::convolution,"n/a (no CUPTI on Windows; self_device_time=3us)"
256,32,aten::_convolution,"n/a (no CUPTI on Windows; self_device_time=3us)"
256,32,aten::cudnn_convolution,"n/a (no CUPTI on Windows; self_device_time=2957us)"
256,32,c1_bn,"n/a (no CUPTI on Windows; self_device_time=3us)"
256,32,aten::batch_norm,"n/a (no CUPTI on Windows; self_device_time=3us)"
256,32,aten::_batch_norm_impl_index,"n/a (no CUPTI on Windows; self_device_time=4us)"
256,32,aten::cudnn_batch_norm,"n/a (no CUPTI on Windows; self_device_time=874us)"
256,32,aten::empty_like,"n/a (no CUPTI on Windows; self_device_time=4us)"
256,32,aten::view,"n/a (no CUPTI on Windows; self_device_time=1us)"
256,32,aten::empty,"n/a (no CUPTI on Windows; self_device_time=1us)"
256,32,c1_relu,"n/a (no CUPTI on Windows; self_device_time=4us)"
256,32,aten::relu_,"n/a (no CUPTI on Windows; self_device_time=4us)"
256,32,aten::clamp_min_,"n/a (no CUPTI on Windows; self_device_time=827us)"
256,32,pool,"n/a (no CUPTI on Windows; self_device_time=4us)"
256,32,aten::max_pool2d,"n/a (no CUPTI on Windows; self_device_time=1us)"
256,32,aten::max_pool2d_with_indices,"n/a (no CUPTI on Windows; self_device_time=1017us)"
256,32,c2_conv,"n/a (no CUPTI on Windows; self_device_time=3us)"
256,32,c2_bn,"n/a (no CUPTI on Windows; self_device_time=3us)"
256,32,c2_relu,"n/a (no CUPTI on Windows; self_device_time=4us)"
256,32,c3_conv,"n/a (no CUPTI on Windows; self_device_time=3us)"
256,32,c3_bn,"n/a (no CUPTI on Windows; self_device_time=4us)"
256,32,c3_relu,"n/a (no CUPTI on Windows; self_device_time=4us)"
256,32,c4_conv,"n/a (no CUPTI on Windows; self_device_time=4us)"
256,32,c4_bn,"n/a (no CUPTI on Windows; self_device_time=4us)"
256,32,c4_relu,"n/a (no CUPTI on Windows; self_device_time=2us)"
256,32,c5_conv,"n/a (no CUPTI on Windows; self_device_time=3us)"
256,32,c5_bn,"n/a (no CUPTI on Windows; self_device_time=4us)"
256,32,c5_relu,"n/a (no CUPTI on Windows; self_device_time=3us)"
256,32,c6_conv,"n/a (no CUPTI on Windows; self_device_time=4us)"
256,32,c6_bn,"n/a (no CUPTI on Windows; self_device_time=4us)"
256,32,c6_relu,"n/a (no CUPTI on Windows; self_device_time=3us)"
256,32,gap,"n/a (no CUPTI on Windows; self_device_time=4us)"
256,32,aten::adaptive_avg_pool2d,"n/a (no CUPTI on Windows; self_device_time=2us)"
256,32,aten::mean,"n/a (no CUPTI on Windows; self_device_time=108us)"
256,32,gap_flat,"n/a (no CUPTI on Windows; self_device_time=3us)"
256,32,aten::flatten,"n/a (no CUPTI on Windows; self_device_time=2us)"
256,32,fc1,"n/a (no CUPTI on Windows; self_device_time=1us)"
256,32,aten::linear,"n/a (no CUPTI on Windows; self_device_time=6us)"
256,32,aten::t,"n/a (no CUPTI on Windows; self_device_time=4us)"
256,32,aten::transpose,"n/a (no CUPTI on Windows; self_device_time=3us)"
256,32,aten::as_strided,"n/a (no CUPTI on Windows; self_device_time=1us)"
256,32,aten::addmm,"n/a (no CUPTI on Windows; self_device_time=23us)"
256,32,fc1_relu,"n/a (no CUPTI on Windows; self_device_time=3us)"
256,32,fc2,"n/a (no CUPTI on Windows; self_device_time=3us)"
512,1,c1_conv,"n/a (no CUPTI on Windows; self_device_time=3us)"
512,1,aten::conv2d,"n/a (no CUPTI on Windows; self_device_time=4us)"
512,1,aten::convolution,"n/a (no CUPTI on Windows; self_device_time=3us)"
512,1,aten::_convolution,"n/a (no CUPTI on Windows; self_device_time=3us)"
512,1,aten::cudnn_convolution,"n/a (no CUPTI on Windows; self_device_time=389us)"
512,1,c1_bn,"n/a (no CUPTI on Windows; self_device_time=3us)"
512,1,aten::batch_norm,"n/a (no CUPTI on Windows; self_device_time=4us)"
512,1,aten::_batch_norm_impl_index,"n/a (no CUPTI on Windows; self_device_time=3us)"
512,1,aten::cudnn_batch_norm,"n/a (no CUPTI on Windows; self_device_time=160us)"
512,1,aten::empty_like,"n/a (no CUPTI on Windows; self_device_time=3us)"
512,1,aten::empty,"n/a (no CUPTI on Windows; self_device_time=1us)"
512,1,aten::view,"n/a (no CUPTI on Windows; self_device_time=1us)"
512,1,c1_relu,"n/a (no CUPTI on Windows; self_device_time=3us)"
512,1,aten::relu_,"n/a (no CUPTI on Windows; self_device_time=3us)"
512,1,aten::clamp_min_,"n/a (no CUPTI on Windows; self_device_time=104us)"
512,1,pool,"n/a (no CUPTI on Windows; self_device_time=3us)"
512,1,aten::max_pool2d,"n/a (no CUPTI on Windows; self_device_time=3us)"
512,1,aten::max_pool2d_with_indices,"n/a (no CUPTI on Windows; self_device_time=131us)"
512,1,c2_conv,"n/a (no CUPTI on Windows; self_device_time=4us)"
512,1,c2_bn,"n/a (no CUPTI on Windows; self_device_time=4us)"
512,1,c2_relu,"n/a (no CUPTI on Windows; self_device_time=4us)"
512,1,c3_conv,"n/a (no CUPTI on Windows; self_device_time=3us)"
512,1,c3_bn,"n/a (no CUPTI on Windows; self_device_time=4us)"
512,1,c3_relu,"n/a (no CUPTI on Windows; self_device_time=4us)"
512,1,c4_conv,"n/a (no CUPTI on Windows; self_device_time=3us)"
512,1,c4_bn,"n/a (no CUPTI on Windows; self_device_time=2us)"
512,1,c4_relu,"n/a (no CUPTI on Windows; self_device_time=2us)"
512,1,c5_conv,"n/a (no CUPTI on Windows; self_device_time=2us)"
512,1,c5_bn,"n/a (no CUPTI on Windows; self_device_time=3us)"
512,1,c5_relu,"n/a (no CUPTI on Windows; self_device_time=4us)"
512,1,c6_conv,"n/a (no CUPTI on Windows; self_device_time=3us)"
512,1,c6_bn,"n/a (no CUPTI on Windows; self_device_time=3us)"
512,1,c6_relu,"n/a (no CUPTI on Windows; self_device_time=4us)"
512,1,gap,"n/a (no CUPTI on Windows; self_device_time=4us)"
512,1,aten::adaptive_avg_pool2d,"n/a (no CUPTI on Windows; self_device_time=4us)"
512,1,aten::mean,"n/a (no CUPTI on Windows; self_device_time=22us)"
512,1,gap_flat,"n/a (no CUPTI on Windows; self_device_time=2us)"
512,1,aten::flatten,"n/a (no CUPTI on Windows; self_device_time=4us)"
512,1,fc1,"n/a (no CUPTI on Windows; self_device_time=3us)"
512,1,aten::linear,"n/a (no CUPTI on Windows; self_device_time=5us)"
512,1,aten::t,"n/a (no CUPTI on Windows; self_device_time=3us)"
512,1,aten::transpose,"n/a (no CUPTI on Windows; self_device_time=2us)"
512,1,aten::as_strided,"n/a (no CUPTI on Windows; self_device_time=2us)"
512,1,aten::addmm,"n/a (no CUPTI on Windows; self_device_time=11us)"
512,1,fc1_relu,"n/a (no CUPTI on Windows; self_device_time=3us)"
512,1,fc2,"n/a (no CUPTI on Windows; self_device_time=3us)"
512,8,c1_conv,"n/a (no CUPTI on Windows; self_device_time=3us)"
512,8,aten::conv2d,"n/a (no CUPTI on Windows; self_device_time=2us)"
512,8,aten::convolution,"n/a (no CUPTI on Windows; self_device_time=4us)"
512,8,aten::_convolution,"n/a (no CUPTI on Windows; self_device_time=4us)"
512,8,aten::cudnn_convolution,"n/a (no CUPTI on Windows; self_device_time=2973us)"
512,8,c1_bn,"n/a (no CUPTI on Windows; self_device_time=4us)"
512,8,aten::batch_norm,"n/a (no CUPTI on Windows; self_device_time=3us)"
512,8,aten::_batch_norm_impl_index,"n/a (no CUPTI on Windows; self_device_time=3us)"
512,8,aten::cudnn_batch_norm,"n/a (no CUPTI on Windows; self_device_time=911us)"
512,8,aten::empty_like,"n/a (no CUPTI on Windows; self_device_time=4us)"
512,8,aten::empty,"n/a (no CUPTI on Windows; self_device_time=1us)"
512,8,aten::view,"n/a (no CUPTI on Windows; self_device_time=2us)"
512,8,c1_relu,"n/a (no CUPTI on Windows; self_device_time=2us)"
512,8,aten::relu_,"n/a (no CUPTI on Windows; self_device_time=3us)"
512,8,aten::clamp_min_,"n/a (no CUPTI on Windows; self_device_time=812us)"
512,8,pool,"n/a (no CUPTI on Windows; self_device_time=3us)"
512,8,aten::max_pool2d,"n/a (no CUPTI on Windows; self_device_time=3us)"
512,8,aten::max_pool2d_with_indices,"n/a (no CUPTI on Windows; self_device_time=1011us)"
512,8,c2_conv,"n/a (no CUPTI on Windows; self_device_time=4us)"
512,8,c2_bn,"n/a (no CUPTI on Windows; self_device_time=3us)"
512,8,c2_relu,"n/a (no CUPTI on Windows; self_device_time=4us)"
512,8,c3_conv,"n/a (no CUPTI on Windows; self_device_time=4us)"
512,8,c3_bn,"n/a (no CUPTI on Windows; self_device_time=3us)"
512,8,c3_relu,"n/a (no CUPTI on Windows; self_device_time=3us)"
512,8,c4_conv,"n/a (no CUPTI on Windows; self_device_time=4us)"
512,8,c4_bn,"n/a (no CUPTI on Windows; self_device_time=3us)"
512,8,c4_relu,"n/a (no CUPTI on Windows; self_device_time=4us)"
512,8,c5_conv,"n/a (no CUPTI on Windows; self_device_time=3us)"
512,8,c5_bn,"n/a (no CUPTI on Windows; self_device_time=3us)"
512,8,c5_relu,"n/a (no CUPTI on Windows; self_device_time=4us)"
512,8,c6_conv,"n/a (no CUPTI on Windows; self_device_time=3us)"
512,8,c6_bn,"n/a (no CUPTI on Windows; self_device_time=3us)"
512,8,c6_relu,"n/a (no CUPTI on Windows; self_device_time=4us)"
512,8,gap,"n/a (no CUPTI on Windows; self_device_time=3us)"
512,8,aten::adaptive_avg_pool2d,"n/a (no CUPTI on Windows; self_device_time=3us)"
512,8,aten::mean,"n/a (no CUPTI on Windows; self_device_time=107us)"
512,8,gap_flat,"n/a (no CUPTI on Windows; self_device_time=4us)"
512,8,aten::flatten,"n/a (no CUPTI on Windows; self_device_time=4us)"
512,8,fc1,"n/a (no CUPTI on Windows; self_device_time=2us)"
512,8,aten::linear,"n/a (no CUPTI on Windows; self_device_time=7us)"
512,8,aten::t,"n/a (no CUPTI on Windows; self_device_time=4us)"
512,8,aten::transpose,"n/a (no CUPTI on Windows; self_device_time=3us)"
512,8,aten::as_strided,"n/a (no CUPTI on Windows; self_device_time=1us)"
512,8,aten::addmm,"n/a (no CUPTI on Windows; self_device_time=28us)"
512,8,fc1_relu,"n/a (no CUPTI on Windows; self_device_time=3us)"
512,8,fc2,"n/a (no CUPTI on Windows; self_device_time=2us)"
