S,B,latency_s,memory_bytes,energy_J,is_validation
32,1,0.0020793279409408,13770752,0.0838332137887075,0
32,2,0.0020991840362548,13786112,0.0839450305028888,0
32,4,0.0018364480137825,15277056,0.085912581873448,0
32,8,0.0021574560403823,15424512,0.0844434508185088,0
32,16,0.0024039360284805,15719424,0.0888736801781105,0
32,32,0.00273577606678,21169152,0.0971984679745051,0
32,64,0.0029736319780349,25158656,0.1646335418095364,0
32,95,0.0026503679752349,30888960,0.183448935545931,1
32,98,0.0027328799962997,30999552,0.1902663898913487,1
32,128,0.0028210400342941,36504576,0.206457764476511,0
32,167,0.002888815999031,44028928,0.2314645683122154,1
32,256,0.0034988319873809,60097536,0.285627624612638,0
48,1,0.0020636479854583,13786112,0.0881965935537145,1
48,2,0.0020720000267028,13816832,0.0871356338483776,1
48,4,0.0024201760292053,18576384,0.0801603978689933,1
48,8,0.0024842400550842,18908160,0.0847140715176311,1
48,16,0.0026003360748291,19571712,0.0908148607278874,1
48,32,0.0028078719377517,22643712,0.1163558970768768,1
48,64,0.0025782079696655,27657216,0.1893060775732832,1
48,95,0.0026479039192199,34799616,0.23159047709626,1
48,98,0.0028236640691757,35490816,0.2457609369757275,1
48,128,0.0029382399320602,42402816,0.2660955054803545,1
48,167,0.003800064086914,51724288,0.3141369615834743,1
48,256,0.00567449593544,71894016,0.470071352890428,1
64,1,0.0020471040010452,13807616,0.1202778514701157,0
64,2,0.0023480319976806,13859840,0.0818626632222645,0
64,4,0.0023903360366821,18834432,0.0830556981566791,0
64,8,0.0026334400177001,19424256,0.0872485150995293,0
64,16,0.0026479519605636,20603904,0.0992035304315008,0
64,32,0.0026506079435348,44688384,0.1874311370656159,0
64,64,0.0027441120147705,58000384,0.2574763740514235,0
64,95,0.0040384001731872,79840256,0.3169841705061259,1
64,98,0.0041922240257263,81953792,0.3264473905950564,1
64,128,0.0052196159362792,103089152,0.4057906831998146,0
64,167,0.0067778561115264,130565120,0.5281357092681874,1
64,256,0.0104849281311035,193266688,0.7958201117473036,0
112,1,0.0023764799833297,13908992,0.127518950527237,1
112,2,0.0023868480920791,14613504,0.0932589417633932,1
112,4,0.0025882560014724,33387520,0.1071980777252328,1
112,8,0.0025435360670089,35193856,0.1745436411172218,1
112,16,0.0026581280231475,37929984,0.241087809672727,1
112,32,0.0039034399986267,62809088,0.3079171662074987,1
112,64,0.0077960481643676,109904896,0.5942682808865705,1
112,95,0.0116300797462463,157611008,0.8754203328840803,1
112,98,0.0120278396606445,174898176,0.9298061889058936,1
112,128,0.0152962560653686,204801024,1.1593812697840935,1
112,167,0.0201223678588867,272698368,1.5269431644187608,1
112,256,0.0306287994384765,395510784,2.3131856144530865,1
128,1,0.0023888000249862,13986816,0.1295673989787865,0
128,2,0.0023876639604568,15197184,0.0912835646482689,0
128,4,0.0025741280317306,33940480,0.1194661598796814,0
128,8,0.0025169119834899,36299776,0.1899494655370097,0
128,16,0.0026629279851913,41018368,0.2590530868567424,0
128,32,0.004697632074356,67232768,0.3665728761981579,0
128,64,0.0091740317344665,118293504,0.7420564823008597,0
128,95,0.0147834401130676,170001408,1.103278010947121,1
128,98,0.0150528478622436,188187648,1.0937204712974031,1
128,128,0.0182446393966674,222495744,1.4132380950148704,0
128,167,0.023907808303833,296477696,1.8406576281504623,1
128,256,0.0364228801727294,430900224,2.7279740752280666,0
224,1,0.0024746079444885,17676800,0.15389379780372,0
224,2,0.0024983040094375,20390912,0.1531646548918941,0
224,4,0.0031231520175933,72360960,0.2555535704464043,0
224,8,0.0042793278694152,79586304,0.3360162618942969,0
224,16,0.0073333921432495,94495744,0.5918696233180021,0
224,32,0.0151587042808532,173650944,1.0570707427220654,0
224,64,0.0287844161987304,333833216,2.197439136581933,0
224,95,0.0408310241699218,490963968,3.177278247277948,1
224,98,0.0435265445709228,547261440,3.2743424931264324,1
224,128,0.05458931350708,653386752,4.09510417340801,0
224,167,0.0729743003845214,876512256,5.472391208566282,1
224,256,0.1102222747802734,1291969536,8.20747036426846,0
256,1,0.0024543839693069,18476032,0.1621971476338527,0
256,2,0.0024114080667495,22799360,0.2049654700150429,0
256,4,0.0036229600906372,89981952,0.2778628204772162,0
256,8,0.0054838879108428,99419136,0.4189647247759098,0
256,16,0.0090655522346496,118293504,0.6914125894906715,0
256,32,0.017783200263977,222495744,1.321435280445481,0
256,64,0.0344520473480224,430900224,2.644569051374929,0
256,95,0.0513889293670654,638182400,3.8629371362662894,1
256,98,0.0539740161895751,711001088,4.0496282377608654,1
256,128,0.0691489601135253,847709184,5.244121333159368,0
256,167,0.0951255531311035,1139868672,7.011385844322712,1
256,256,0.1459282531738281,1682039808,10.439659113657724,0
352,1,0.0024097440242767,22799360,0.2004820954384067,1
352,2,0.0031458879709243,31540224,0.2539184880175708,1
352,4,0.006594367980957,135947264,0.5190163266086488,1
352,8,0.0100146241188049,154297344,0.7924796262603551,1
352,16,0.0172919197082519,189293568,1.3592598269602238,1
352,32,0.0352447509765625,365814784,2.523859294581241,1
352,64,0.0713488502502441,715514880,5.353214380101137,1
352,95,0.1072155227661132,1061409792,7.969345566529744,1
352,98,0.1126524810791015,1178059776,8.392144384917449,1
352,128,0.1441947479248047,1416750080,10.73070580565286,1
352,167,0.1916317596435546,1901171712,14.210022725438751,1
352,256,0.8133438110351563,2818696192,46.07192754870696,1
384,1,0.002449616074562,23913472,0.214357910386837,0
384,2,0.0035116159915924,35120128,0.2908548006593855,0
384,4,0.0072622559070587,161866752,0.5904287000883653,0
384,8,0.0124757761955261,184280064,0.9301185584882428,0
384,16,0.0208036632537841,226616320,1.5938630253522716,0
384,32,0.0421395359039306,435237888,3.142661948280653,0
384,64,0.0839694557189941,856384512,6.286897352945193,0
384,95,0.1260609245300293,1272222720,9.395241793350015,1
384,98,0.1315854034423828,1414441984,9.911658744171586,1
384,128,0.1687334213256835,1698817024,12.537834713911268,0
384,167,0.2257086105346679,2283529216,16.74627022052175,1
384,256,1.1641976318359375,3383264256,64.98139222487197,0
400,1,0.0025540800094604,24866816,0.2283178093374194,1
400,2,0.004006912112236,37518336,0.3194167589024563,1
400,4,0.0088650560379028,186741760,0.6536411139851819,1
400,8,0.0136845917701721,209781760,1.022366670134628,1
400,16,0.0235877113342285,256599040,1.7792009937817088,1
400,32,0.0466274070739746,497452032,3.4823896888697123,1
400,64,0.0930311050415039,981984256,6.978400653939805,1
400,95,0.1425723342895508,1458465792,10.542734509096146,1
400,98,0.1507112655639648,1626346496,11.039416874698109,1
400,128,0.1900183715820312,1947534336,14.117540593756091,1
400,167,0.380531982421875,2621115392,23.887765542107086,1
400,256,1.4041924438476563,3880977408,74.16572595264334,1
512,1,0.0031680480241775,32629760,0.2563320961172453,0
512,2,0.0061102399826049,52552704,0.4688541477878279,0
512,4,0.0130315680503845,285465600,0.9859369591078688,0
512,8,0.0206773605346679,323214336,1.574726029602778,0
512,16,0.0362487201690673,398711808,2.723857426386859,0
512,32,0.0713145103454589,783332352,5.455249064170679,0
512,64,0.1439786834716797,1552573440,10.899893836376508,0
512,95,0.2158743209838867,2313425920,16.41938200761293,1
512,98,0.3301756439208984,2574314496,22.786586223435865,1
512,128,0.9448427124023436,3091325952,50.12073523353452,0
512,167,1.6481419067382812,4161031168,84.32494564462523,1
512,256,3.2454503173828124,6168019968,165.33719480473232,0
